Workbook

Sheet Questionnaire Guidelines
A2: Instructions to fill the pre on-boarding assessment questionnaire
A4: Introduction
A6: Pre on-boarding assessment process is a critical component in assessing the security posture of third-party vendors before onboarding. It ensures that vendors align with the organization’s cybersecurity, data protection, and compliance standards.
A8: Assessment Questionnaire
A10: Vendors are required to respond to each question in the questionnaire column "E" using one of the following options: Yes / No / Not Applicable
A11: Each response must be documented under the “Vendor Comment” column, with corresponding remarks provided in the “Vendor response” column "F".
A12: Vendor comment should not be more than 100 to 150 words per question.
A13: Responses must be detailed, clear, concise, and aligned with the selected option.
A15: Observation and Review
A17: The Due Diligence team will review vendor response, comments and mention their remarks in the “Assessor Comment” Column.
A18: Final assessment outcome and remarks willl be documented by the Due Diligence Team the after review of the vendor’s response and supporting evidence.
A20: Documentation and Evidence
... A28: Only the designated input fields should be edited to maintain consistency and integrity of the evaluation process.

Sheet Assessment Summary
A1: Assessment Summary
A3: Assessment Outcome | B3: =IF(OR(B10>=3,B9>=6),"Unsatisfactory",IF(OR(AND(B10>=1,B10<=2),AND(B9>=4,B9<=5)),"Requires Attention","Satisfactory")) -> Satisfactory
A4: Total controls responded by the vendor | B4: =COUNTA(Questionnaire!E2:E137) -> 136
A5: Total controls assessed | B5: =COUNTA(Questionnaire!G2:G138) -> 0
A6: Pass (count) | B6: =COUNTIF(Questionnaire!$G$2:$G$137,"pass*") -> 0
A7: Not Applicable (count) | B7: =COUNTIF(Questionnaire!$G$2:$G$137,"Not Applicable") -> 0
A8: Low Risk gaps (ignored for rating) | B8: =COUNTIF(Questionnaire!$H$2:$H$137,"LOW") -> 0
A9: Medium Risk gaps | B9: =COUNTIF(Questionnaire!$H$2:$H$137,"MEDIUM") -> 0
A10: High Risk gaps | B10: =COUNTIF(Questionnaire!$H$2:$H$137,"HIGH") -> 0
A11: Gaps counted for rating (Medium + High) | B11: =B9+B10 -> 0
A13: Rationale / Interpretation | B13: =IF(B3="Unsatisfactory","Significant control breakdowns identified. Immediate remediation required or risk acceptance by leadership. (Medium gaps: "&B9&" | High gaps: "&B10&").",IF(B3="Requires Attention","Some control deficiencies exist but are not critical. Remediation plan needed; operations can continue under monitoring. (Medium gaps: "&B9&" | High gaps: "&B10&").","Vendor demonstrates effective control implementation with only minor or documentation-level findings. Risks are well managed and acceptable. (Medium gaps: "&B9&" | High gaps: "&B10&").")) -> Vendor demonstrates effective control implementation with only minor or documentation-level findings. Risks are well managed and acceptable. (Medium gaps: 0 | High gaps: 0).
A15: Notes | B15: Only Medium and High risk gaps affect the outcome. Plain "Fail" is treated as Medium unless severity is specified.

Sheet Compliance & Certification
A1: S.No | B1: Details of Security & Compliance Solutions | C1: Attach the Evidence
A2: 1 | B2: ISO 27001:2022/ISO 27001:2013 Certificate | C2: ISO 27001:2022 Certificate
A3: 2 | B3: PCI DSS Assessment Report | C3: A PCI DSS Assessment Report is not applicable to CleverTap, as the platform does not process, store, or transmit payment cardholder data within the scope of PCI DSS requirements.
A4: 3 | B4: ISO 27701 Privacy Information Management System | C4: We have shared the GDPR report and hence this is not required
A5: 4 | B5: ISO 22301 Business Continuity Management System | C5: CleverTap is not currently certified under ISO 22301. However, our ISO 27001- certified Information Security Management System incorporates comprehensive business continuity and disaster recovery controls that align with the applicable requirements of ISO 22301
A6: 5 | B6: Data Privacy Assessments (GDPR, DPDP, CCPA, HIPAA, POPIA) | C6: - HIPAA Certification - GDPR Compliance - CCPA Compliance - DPDP Act - POPIA - We do not have POPIA. We follow all the industry standard practices
A7: 6 | B7: Third-Party VAPT Reports (Application and Infrastructure) | C7: Report can be accessed at trust.clevertap.com
A8: 7 | B8: Penetration Testing Reports (Internal & External) | C8: Penetration Testing Reports
A9: 8 | B9: Data Flow Diagram | C9: Please refer to this link for an highlevel overivew for the data flow diagram ( ingestion).
A10: 9 | B10: Network Architecture Diagram | C10: Please refer to this link for the Network Architecture Diagram

Sheet Questionnaire
A1: Control # | B1: Control Domain | C1: Control Risk Level | D1: Control Question | E1: Vendor Response | F1: Vendor Comments | G1: Assessor Response | H1: Assessor Risk Bucket (auto) | I1: Assessor Comment
A2: 1 | B2: Access Management | C2: High | D2: Do you have a documented Access Control Policy and Procedure addressing user access provisioning, modification, and revocation? If yes, please provide a copy for review. | E2: Yes | F2: CleverTap provides Role based access control (https://docs.clevertap.com/docs/role-based-access-control) and SSO (https://docs.clevertap.com/docs/single-sign-on-sso) to enable complete control for organisations | H2: =IF(TRIM(G2)="","NA",IF(ISNUMBER(SEARCH("not applicable",LOWER(TRIM(G2)))),"NA",IF(LEFT(LOWER(TRIM(G2)),4)="pass","NONE",IF(OR(ISNUMBER(SEARCH("fail - high",LOWER(TRIM(G2)))),ISNUMBER(SEARCH("fail – high",LOWER(TRIM(G2))))),"HIGH",IF(OR(ISNUMBER(SEARCH("fail - medium",LOWER(TRIM(G2)))),ISNUMBER(SEARCH("fail – medium",LOWER(TRIM(G2))))),"MEDIUM",IF(OR(ISNUMBER(SEARCH("fail - low",LOWER(TRIM(G2)))),ISNUMBER(SEARCH("fail – low",LOWER(TRIM(G2))))),"LOW",IF(LEFT(LOWER(TRIM(G2)),4)="fail","MEDIUM","NA"))))))) -> NA | S2: Pass | W2: Yes
A3: 2 | B3: Access Management | C3: High | D3: Has your organization implemented and maintained unique user identifiers (IDs) for all users across systems and applications to ensure traceability and accountability in access control processes? How do you enforce this requirement and monitor compliance (e.g., technical controls, audits, policies)? Please describe the process and provide supporting artifacts such as: Access control policy System configuration screenshots | E3: Yes | F3: We create internal id's against every email id that registers on the platform. Bais this details we also assign account & RBAC controls to the user. For tracking & monitoring we track all user's actions through our audit logs | H3: =IF(TRIM(G3)="","NA",IF(ISNUMBER(SEARCH("not applicable",LOWER(TRIM(G3)))),"NA",IF(LEFT(LOWER(TRIM(G3)),4)="pass","NONE",IF(OR(ISNUMBER(SEARCH("fail - high",LOWER(TRIM(G3)))),ISNUMBER(SEARCH("fail – high",LOWER(TRIM(G3))))),"HIGH",IF(OR(ISNUMBER(SEARCH("fail - medium",LOWER(TRIM(G3)))),ISNUMBER(SEARCH("fail – medium",LOWER(TRIM(G3))))),"MEDIUM",IF(OR(ISNUMBER(SEARCH("fail - low",LOWER(TRIM(G3)))),ISNUMBER(SEARCH("fail – low",LOWER(TRIM(G3))))),"LOW",IF(LEFT(LOWER(TRIM(G3)),4)="fail","MEDIUM","NA"))))))) -> NA | L3: Fail | R3: Fail as High Risk | W3: No
A4: 3 | B4: Access Management | C4: High | D4: Is Role-Based Access Control (RBAC) implemented within your organization to enforce the principle of least privilege, ensuring users can only access information and resources necessary for their assigned roles? How is RBAC configured and monitored for compliance? | E4: Yes | F4: Yes RBAC is implemented internally for all user's & detailed audit logs are also generated if any internal employee does request access to any customers data. The audit data can be exported through our audit logs functionality. RBAC can be configured through the dashboard & through API (SIEM), the monitoring of RBAC role implimentation is embeeded into the audit log functionality (where if un-authorized access is requested by a dashboad user the platform will restrict access) | H4: =IF(TRIM(G4)="","NA",IF(ISNUMBER(SEARCH("not applicable",LOWER(TRIM(G4)))),"NA",IF(LEFT(LOWER(TRIM(G4)),4)="pass","NONE",IF(OR(ISNUMBER(SEARCH("fail - high",LOWER(TRIM(G4)))),ISNUMBER(SEARCH("fail – high",LOWER(TRIM(G4))))),"HIGH",IF(OR(ISNUMBER(SEARCH("fail - medium",LOWER(TRIM(G4)))),ISNUMBER(SEARCH("fail – medium",LOWER(TRIM(G4))))),"MEDIUM",IF(OR(ISNUMBER(SEARCH("fail - low",LOWER(TRIM(G4)))),ISNUMBER(SEARCH("fail – low",LOWER(TRIM(G4))))),"LOW",IF(LEFT(LOWER(TRIM(G4)),4)="fail","MEDIUM","NA"))))))) -> NA | S4: Fail as Moderate Risk | W4: Not Applicable
A5: 4 | B5: Access Management | C5: High | D5: Does your organization enforce password complexity and account security controls for all users of applications within India, in line with the contract requirements with IndiGo? Specifically: a. Passwords must be at least 8 characters long, include 1 numeric and 1 special character. b. Users must be prompted to change the password on first login attempt. c. User IDs must be disabled after five consecutive failed login attempts. d. User IDs inactive for 30 days must be disabled. e. User IDs inactive for 60 days must be deleted. Please provide supporting artifacts such as: Password policy document System configuration screenshots | E5: Yes | F5: Yes we do allow for password security configurations if you have not opted for SSO login. | H5: =IF(TRIM(G5)="","NA",IF(ISNUMBER(SEARCH("not applicable",LOWER(TRIM(G5)))),"NA",IF(LEFT(LOWER(TRIM(G5)),4)="pass","NONE",IF(OR(ISNUMBER(SEARCH("fail - high",LOWER(TRIM(G5)))),ISNUMBER(SEARCH("fail – high",LOWER(TRIM(G5))))),"HIGH",IF(OR(ISNUMBER(SEARCH("fail - medium",LOWER(TRIM(G5)))),ISNUMBER(SEARCH("fail – medium",LOWER(TRIM(G5))))),"MEDIUM",IF(OR(ISNUMBER(SEARCH("fail - low",LOWER(TRIM(G5)))),ISNUMBER(SEARCH("fail – low",LOWER(TRIM(G5))))),"LOW",IF(LEFT(LOWER(TRIM(G5)),4)="fail","MEDIUM","NA"))))))) -> NA | M5: NA | S5: Fail as Low Risk
A6: 5 | B6: Access Management | C6: High | D6: Is Multi-Factor Authentication (MFA) enforced for all systems and applications, requiring users to provide multiple verification methods (e.g., password + OTP, biometric, token) before access is granted? Which systems and applications are covered under MFA? How is MFA implementation enforced? Please provide supporting artifacts such as: MFA policy or procedure System configuration screenshots | E6: Yes | F6: CleverTap enforces MFA on all important and critical systems. MFA is also enforced for privileged access and for VPN / critical admin systems. For APIs with user‑level authorization, credentials such as API keys or OAuth tokens must include appropriate scopes, and MFA can be layered on via SSO providers for interactive access. Documentation links: Single Sign‑On (SSO): https://docs.clevertap.com/docs/single-sign-on-sso CleverTap Trust Portal: https://trust.clevertap.com/ | H6: =IF(TRIM(G6)="","NA",IF(ISNUMBER(SEARCH("not applicable",LOWER(TRIM(G6)))),"NA",IF(LEFT(LOWER(TRIM(G6)),4)="pass","NONE",IF(OR(ISNUMBER(SEARCH("fail - high",LOWER(TRIM(G6)))),ISNUMBER(SEARCH("fail – high",LOWER(TRIM(G6))))),"HIGH",IF(OR(ISNUMBER(SEARCH("fail - medium",LOWER(TRIM(G6)))),ISNUMBER(SEARCH("fail – medium",LOWER(TRIM(G6))))),"MEDIUM",IF(OR(ISNUMBER(SEARCH("fail - low",LOWER(TRIM(G6)))),ISNUMBER(SEARCH("fail – low",LOWER(TRIM(G6))))),"LOW",IF(LEFT(LOWER(TRIM(G6)),4)="fail","MEDIUM","NA"))))))) -> NA | S6: Not Applicable
A7: 6 | B7: Access Management | C7: High | D7: Is user access revoked within 24 hours of personnel exit or immediately upon termination for employees, contractors, and vendor staff? What process or controls ensure timely de-provisioning of accounts? Please provide supporting artifacts such as: Access policy Workflow or SOP for termination handling | E7: Yes | F7: Access to account is revoked immediately upon change in user's status. Example - If a dashboard user's status is to in-active/terminated then CleverTap will restrict access to CleveTap services immediately. Documentation link - https://docs.clevertap.com/docs/manage-users#revoke-access | H7: =IF(TRIM(G7)="","NA",IF(ISNUMBER(SEARCH("not applicable",LOWER(TRIM(G7)))),"NA",IF(LEFT(LOWER(TRIM(G7)),4)="pass","NONE",IF(OR(ISNUMBER(SEARCH("fail - high",LOWER(TRIM(G7)))),ISNUMBER(SEARCH("fail – high",LOWER(TRIM(G7))))),"HIGH",IF(OR(ISNUMBER(SEARCH("fail - medium",LOWER(TRIM(G7)))),ISNUMBER(SEARCH("fail – medium",LOWER(TRIM(G7))))),"MEDIUM",IF(OR(ISNUMBER(SEARCH("fail - low",LOWER(TRIM(G7)))),ISNUMBER(SEARCH("fail – low",LOWER(TRIM(G7))))),"LOW",IF(LEFT(LOWER(TRIM(G7)),4)="fail","MEDIUM","NA"))))))) -> NA
A8: 7 | B8: Access Management | C8: High | D8: Has your organization implemented a Privileged Access Management (PAM) solution that ensures: Privileged accounts are segregated from business user IDs MFA is enforced for all privileged accounts Just-in-time access is granted with session recording and log retention Continuous monitoring for suspicious activity on privileged accounts Please provide supporting artifacts such as: Password policy or procedure System configuration screenshots | E8: Yes | F8: PAM solution is available to specific group of people with in the orgnaisation's for debugging purposes only. For all users who have been granted PAM - Login can happen through 2FA login only - All activites are logged in the audit logs - They can not create anything on the dashboard only visibility access is going to be available. | H8: =IF(TRIM(G8)="","NA",IF(ISNUMBER(SEARCH("not applicable",LOWER(TRIM(G8)))),"NA",IF(LEFT(LOWER(TRIM(G8)),4)="pass","NONE",IF(OR(ISNUMBER(SEARCH("fail - high",LOWER(TRIM(G8)))),ISNUMBER(SEARCH("fail – high",LOWER(TRIM(G8))))),"HIGH",IF(OR(ISNUMBER(SEARCH("fail - medium",LOWER(TRIM(G8)))),ISNUMBER(SEARCH("fail – medium",LOWER(TRIM(G8))))),"MEDIUM",IF(OR(ISNUMBER(SEARCH("fail - low",LOWER(TRIM(G8)))),ISNUMBER(SEARCH("fail – low",LOWER(TRIM(G8))))),"LOW",IF(LEFT(LOWER(TRIM(G8)),4)="fail","MEDIUM","NA"))))))) -> NA
A9: 8 | B9: Access Management | C9: High | D9: Does your organization perform monthly access reconciliation to ensure user access rights align with approved roles and responsibilities? How are discrepancies identified and addressed? Please provide supporting artifacts such as: Policy or procedure for access reviews | E9: Yes | F9: Yes we have monthly security patches we ensure that also update any user permission's. Whenever any discrepancy is identified we ship a patch immediately to fix it as hotfix. | H9: =IF(TRIM(G9)="","NA",IF(ISNUMBER(SEARCH("not applicable",LOWER(TRIM(G9)))),"NA",IF(LEFT(LOWER(TRIM(G9)),4)="pass","NONE",IF(OR(ISNUMBER(SEARCH("fail - high",LOWER(TRIM(G9)))),ISNUMBER(SEARCH("fail – high",LOWER(TRIM(G9))))),"HIGH",IF(OR(ISNUMBER(SEARCH("fail - medium",LOWER(TRIM(G9)))),ISNUMBER(SEARCH("fail – medium",LOWER(TRIM(G9))))),"MEDIUM",IF(OR(ISNUMBER(SEARCH("fail - low",LOWER(TRIM(G9)))),ISNUMBER(SEARCH("fail – low",LOWER(TRIM(G9))))),"LOW",IF(LEFT(LOWER(TRIM(G9)),4)="fail","MEDIUM","NA"))))))) -> NA
A10: 9 | B10: Access Management | C10: High | D10: Does your organization maintain a centralized inventory of all service accounts, including details of linked applications and their associated privileges? How is this inventory maintained and updated? Describe the process. | E10: Yes | F10: Yes we do maintain the contralized data for all organisations & services for which they have subscribed. We maintain this data basis every region but centerally store it in a master Table.You can read more aobut it here | H10: =IF(TRIM(G10)="","NA",IF(ISNUMBER(SEARCH("not applicable",LOWER(TRIM(G10)))),"NA",IF(LEFT(LOWER(TRIM(G10)),4)="pass","NONE",IF(OR(ISNUMBER(SEARCH("fail - high",LOWER(TRIM(G10)))),ISNUMBER(SEARCH("fail – high",LOWER(TRIM(G10))))),"HIGH",IF(OR(ISNUMBER(SEARCH("fail - medium",LOWER(TRIM(G10)))),ISNUMBER(SEARCH("fail – medium",LOWER(TRIM(G10))))),"MEDIUM",IF(OR(ISNUMBER(SEARCH("fail - low",LOWER(TRIM(G10)))),ISNUMBER(SEARCH("fail – low",LOWER(TRIM(G10))))),"LOW",IF(LEFT(LOWER(TRIM(G10)),4)="fail","MEDIUM","NA"))))))) -> NA
A11: 10 | B11: Access Management | C11: High | D11: Are service accounts unique to each application and never shared across multiple applications or systems? If service accounts are shared, what controls are in place to mitigate risk? Is there a documented policy prohibiting shared credentials? | E11: Yes | F11: Service accounts (dashboards) are unique to every brand. Data is logically seprated on our Infra and is not shared with anyone. In case of shared accounts the data is logically seprated for which no data leaks can happen. Yes we internal SOP's to restrict sharing credentials | H11: =IF(TRIM(G11)="","NA",IF(ISNUMBER(SEARCH("not applicable",LOWER(TRIM(G11)))),"NA",IF(LEFT(LOWER(TRIM(G11)),4)="pass","NONE",IF(OR(ISNUMBER(SEARCH("fail - high",LOWER(TRIM(G11)))),ISNUMBER(SEARCH("fail – high",LOWER(TRIM(G11))))),"HIGH",IF(OR(ISNUMBER(SEARCH("fail - medium",LOWER(TRIM(G11)))),ISNUMBER(SEARCH("fail – medium",LOWER(TRIM(G11))))),"MEDIUM",IF(OR(ISNUMBER(SEARCH("fail - low",LOWER(TRIM(G11)))),ISNUMBER(SEARCH("fail – low",LOWER(TRIM(G11))))),"LOW",IF(LEFT(LOWER(TRIM(G11)),4)="fail","MEDIUM","NA"))))))) -> NA
A12: 11 | B12: Access Management | C12: High | D12: Are service account credentials rotated at least every 90 days, and is this process automated where possible Which tool or process is used for credential rotation? | E12: Yes | F12: Yes we rotate access credentials changed every 120 days. We use AWS KMS to managing this process | H12: =IF(TRIM(G12)="","NA",IF(ISNUMBER(SEARCH("not applicable",LOWER(TRIM(G12)))),"NA",IF(LEFT(LOWER(TRIM(G12)),4)="pass","NONE",IF(OR(ISNUMBER(SEARCH("fail - high",LOWER(TRIM(G12)))),ISNUMBER(SEARCH("fail – high",LOWER(TRIM(G12))))),"HIGH",IF(OR(ISNUMBER(SEARCH("fail - medium",LOWER(TRIM(G12)))),ISNUMBER(SEARCH("fail – medium",LOWER(TRIM(G12))))),"MEDIUM",IF(OR(ISNUMBER(SEARCH("fail - low",LOWER(TRIM(G12)))),ISNUMBER(SEARCH("fail – low",LOWER(TRIM(G12))))),"LOW",IF(LEFT(LOWER(TRIM(G12)),4)="fail","MEDIUM","NA"))))))) -> NA
A13: 12 | B13: Access Management | C13: High | D13: Are service accounts restricted from unnecessary internet access to minimize exposure to external threats? How is this restriction enforced (e.g., firewall rules, network ACLs)? | E13: Yes | F13: Basis our architecutre the applications which store your data have limited internet access. We enforce restrictions basis ACL's & internal application workflows through AWS route 53. | H13: =IF(TRIM(G13)="","NA",IF(ISNUMBER(SEARCH("not applicable",LOWER(TRIM(G13)))),"NA",IF(LEFT(LOWER(TRIM(G13)),4)="pass","NONE",IF(OR(ISNUMBER(SEARCH("fail - high",LOWER(TRIM(G13)))),ISNUMBER(SEARCH("fail – high",LOWER(TRIM(G13))))),"HIGH",IF(OR(ISNUMBER(SEARCH("fail - medium",LOWER(TRIM(G13)))),ISNUMBER(SEARCH("fail – medium",LOWER(TRIM(G13))))),"MEDIUM",IF(OR(ISNUMBER(SEARCH("fail - low",LOWER(TRIM(G13)))),ISNUMBER(SEARCH("fail – low",LOWER(TRIM(G13))))),"LOW",IF(LEFT(LOWER(TRIM(G13)),4)="fail","MEDIUM","NA"))))))) -> NA
A14: 13 | B14: Application Security | C14: High | D14: Do you perform testing activities such as SAST, DAST, testing etc. or are these activites integrated into your development process? Are the findings formally tracked and remediated? Describe the process and controls in place. | E14: Yes | F14: Yes we are audited and tested by external vendors quaterly for which the reports are also provided in https://trust.clevertap.com/ | H14: =IF(TRIM(G14)="","NA",IF(ISNUMBER(SEARCH("not applicable",LOWER(TRIM(G14)))),"NA",IF(LEFT(LOWER(TRIM(G14)),4)="pass","NONE",IF(OR(ISNUMBER(SEARCH("fail - high",LOWER(TRIM(G14)))),ISNUMBER(SEARCH("fail – high",LOWER(TRIM(G14))))),"HIGH",IF(OR(ISNUMBER(SEARCH("fail - medium",LOWER(TRIM(G14)))),ISNUMBER(SEARCH("fail – medium",LOWER(TRIM(G14))))),"MEDIUM",IF(OR(ISNUMBER(SEARCH("fail - low",LOWER(TRIM(G14)))),ISNUMBER(SEARCH("fail – low",LOWER(TRIM(G14))))),"LOW",IF(LEFT(LOWER(TRIM(G14)),4)="fail","MEDIUM","NA"))))))) -> NA
A15: 14 | B15: Application Security | C15: High | D15: Are the application, database, and presentation layers logically or physically segregated using mechanisms such as DMZs, VLANs, or firewalls? If yes: What controls are implemented to ensure secure isolation between these layers (e.g., network segmentation policies, firewall rules, access restrictions)? Please describe the controls. | E15: Yes | F15: We deploy logical restrictions towards restricting data access, addtionaly we deploy AWS internal services. | H15: =IF(TRIM(G15)="","NA",IF(ISNUMBER(SEARCH("not applicable",LOWER(TRIM(G15)))),"NA",IF(LEFT(LOWER(TRIM(G15)),4)="pass","NONE",IF(OR(ISNUMBER(SEARCH("fail - high",LOWER(TRIM(G15)))),ISNUMBER(SEARCH("fail – high",LOWER(TRIM(G15))))),"HIGH",IF(OR(ISNUMBER(SEARCH("fail - medium",LOWER(TRIM(G15)))),ISNUMBER(SEARCH("fail – medium",LOWER(TRIM(G15))))),"MEDIUM",IF(OR(ISNUMBER(SEARCH("fail - low",LOWER(TRIM(G15)))),ISNUMBER(SEARCH("fail – low",LOWER(TRIM(G15))))),"LOW",IF(LEFT(LOWER(TRIM(G15)),4)="fail","MEDIUM","NA"))))))) -> NA
A16: 15 | B16: Application Security | C16: High | D16: How is input validation enforced across systems, including boundary checks, sanitization, and encoding? What mechanisms ensure secure handling of user input to prevent vulnerabilities such as injection attacks? If yes: Describe the controls and processes in place to validate and sanitize user input, including techniques for preventing injection attacks (e.g., SQL injection, XSS). | E16: Yes | F16: All our codes go through security checks & is also validated by security tools such as synk which blocks code to be pushed to production. We cover all relevant security checks through our security partner (Synx, AWS security,etc) For more information you can refer to our https://trust.clevertap.com/ | H16: =IF(TRIM(G16)="","NA",IF(ISNUMBER(SEARCH("not applicable",LOWER(TRIM(G16)))),"NA",IF(LEFT(LOWER(TRIM(G16)),4)="pass","NONE",IF(OR(ISNUMBER(SEARCH("fail - high",LOWER(TRIM(G16)))),ISNUMBER(SEARCH("fail – high",LOWER(TRIM(G16))))),"HIGH",IF(OR(ISNUMBER(SEARCH("fail - medium",LOWER(TRIM(G16)))),ISNUMBER(SEARCH("fail – medium",LOWER(TRIM(G16))))),"MEDIUM",IF(OR(ISNUMBER(SEARCH("fail - low",LOWER(TRIM(G16)))),ISNUMBER(SEARCH("fail – low",LOWER(TRIM(G16))))),"LOW",IF(LEFT(LOWER(TRIM(G16)),4)="fail","MEDIUM","NA"))))))) -> NA
A17: 16 | B17: Application Security | C17: High | D17: Are your web applications and services in production protected by technologies such as Web Application Firewalls (WAFs), reverse proxies, or equivalent controls to detect and mitigate common web threats? Describe the controls in place. | E17: Yes | F17: CleverTap’s production web applications and services are protected using a multi‑layered perimeter that includes Cloudflare Web Application Firewall (WAF) in front of all internet‑facing endpoints, integrated with AWS‑native firewalls, security groups, and network ACLs to enforce strict network segmentation and least‑privilege traffic rules. Cloudflare WAF provides advanced web application security and OWASP Top 10 aligned protections, while AWS security controls and default deny‑all firewall configurations restrict unauthorized access and support DDoS mitigation and continuous vulnerability assessment across the environment. | H17: =IF(TRIM(G17)="","NA",IF(ISNUMBER(SEARCH("not applicable",LOWER(TRIM(G17)))),"NA",IF(LEFT(LOWER(TRIM(G17)),4)="pass","NONE",IF(OR(ISNUMBER(SEARCH("fail - high",LOWER(TRIM(G17)))),ISNUMBER(SEARCH("fail – high",LOWER(TRIM(G17))))),"HIGH",IF(OR(ISNUMBER(SEARCH("fail - medium",LOWER(TRIM(G17)))),ISNUMBER(SEARCH("fail – medium",LOWER(TRIM(G17))))),"MEDIUM",IF(OR(ISNUMBER(SEARCH("fail - low",LOWER(TRIM(G17)))),ISNUMBER(SEARCH("fail – low",LOWER(TRIM(G17))))),"LOW",IF(LEFT(LOWER(TRIM(G17)),4)="fail","MEDIUM","NA"))))))) -> NA
A18: 17 | B18: Application Security | C18: High | D18: Are API endpoints tested against the OWASP API Security Top 10 vulnerabilities? If yes: What processes ensure ongoing security assessments and remediation of identified risks (e.g., automated API security scans, penetration testing, vulnerability management workflows)? | E18: Yes | F18: CleverTap aligns its API security with the OWASP API Security Top 10 and OWASP ASVS; OWASP Top 10 protections are explicitly adopted for CleverTap APIs. APIs are protected using strong authentication (OAuth 2.0 tokens / API keys), fine‑grained RBAC and least‑privilege authorization via API scopes, along with robust rate limiting and throttling to prevent abuse and DDoS‑style attacks. A secure SDLC is followed, including threat modeling, architecture security analysis, SAST via SonarQube, and supply‑chain / dependency scanning via Snyk, with OWASP Top 10 baselines verified at code level. Continuous vulnerability assessments (e.g., web application security tools) are run, and independent, certified vendors conduct quarterly application penetration tests whose scope includes the CleverTap APIs, using OWASP‑based methodologies. All identified vulnerabilities must be remediated, with a clean VA report required before promotion to master and deployment. For more infromation please refer to ou documentation here - https://developer.clevertap.com/docs/api-request-limit | H18: =IF(TRIM(G18)="","NA",IF(ISNUMBER(SEARCH("not applicable",LOWER(TRIM(G18)))),"NA",IF(LEFT(LOWER(TRIM(G18)),4)="pass","NONE",IF(OR(ISNUMBER(SEARCH("fail - high",LOWER(TRIM(G18)))),ISNUMBER(SEARCH("fail – high",LOWER(TRIM(G18))))),"HIGH",IF(OR(ISNUMBER(SEARCH("fail - medium",LOWER(TRIM(G18)))),ISNUMBER(SEARCH("fail – medium",LOWER(TRIM(G18))))),"MEDIUM",IF(OR(ISNUMBER(SEARCH("fail - low",LOWER(TRIM(G18)))),ISNUMBER(SEARCH("fail – low",LOWER(TRIM(G18))))),"LOW",IF(LEFT(LOWER(TRIM(G18)),4)="fail","MEDIUM","NA"))))))) -> NA
... A101: 100 | B101: Vulnerability Management | C101: High | D101: Are patches applied in a timely manner, and are they tested in a non-production environment prior to deployment? Remediation timeline- Zero day: 0-7 Days Critical/High: 30 Days Medium: 60 Days Low: 180 days If yes, what process ensures timely patching and validation before production rollout? Please provide supporting artifacts such as: Patch Management Policy | E101: Yes | F101: Yes. CleverTap maintains a formally documented Patch Management Policy and Process to ensure that security patches are identified, assessed, tested, deployed, and verified in a timely manner across applicable systems and applications. | H101: =IF(TRIM(G101)="","NA",IF(ISNUMBER(SEARCH("not applicable",LOWER(TRIM(G101)))),"NA",IF(LEFT(LOWER(TRIM(G101)),4)="pass","NONE",IF(OR(ISNUMBER(SEARCH("fail - high",LOWER(TRIM(G101)))),ISNUMBER(SEARCH("fail – high",LOWER(TRIM(G101))))),"HIGH",IF(OR(ISNUMBER(SEARCH("fail - medium",LOWER(TRIM(G101)))),ISNUMBER(SEARCH("fail – medium",LOWER(TRIM(G101))))),"MEDIUM",IF(OR(ISNUMBER(SEARCH("fail - low",LOWER(TRIM(G101)))),ISNUMBER(SEARCH("fail – low",LOWER(TRIM(G101))))),"LOW",IF(LEFT(LOWER(TRIM(G101)),4)="fail","MEDIUM","NA"))))))) -> NA
A102: 101 | B102: Physical Control | C102: High | D102: Is controlled facility access enforced through mechanisms such as ID badges, access cards, and biometric checks, ensuring secure entry and monitoring? | E102: Yes | F102: Yes. CleverTap maintains controlled physical access measures to protect its corporate facilities and information assets. Physical access to offices and restricted areas is governed through established security policies and procedures, ensuring that only authorized personnel, visitors, and approved third parties are permitted access.
A103: 102 | B103: Physical Control | C103: High | D103: Are CCTV surveillance systems deployed across all critical areas and entry-exit points to ensure continuous monitoring and recording of activities? | E103: Yes | F103: Yes. CleverTap maintains appropriate physical security monitoring controls for its facilities, including CCTV surveillance mechanisms to monitor critical areas and entry-exit points.
A104: 103 | B104: Physical Control | C104: High | D104: Are CCTV recordings securely retained for a minimum of 45 days or in accordance with applicable legal requirements, whichever duration is longer | E104: Yes | F104: Yes. CleverTap maintains defined controls for the secure retention and management of CCTV recordings in accordance with applicable organizational requirements, contractual obligations, and relevant legal or regulatory requirements
A105: 104 | B105: Physical Control | C105: High | D105: Is there a formal procedure for reviewing and auditing the list of authorized individuals with permanent access to secure areas, ensuring compliance and security enforcement? | E105: Yes | F105: Yes. CleverTap maintains a formal process for the review, validation, and audit of authorized physical access permissions to secure areas. Access to restricted facilities and sensitive areas is granted based on business requirements and is periodically reviewed to ensure that only authorized individuals retain appropriate access privileges.
A106: 105 | B106: Physical Control | C106: High | D106: Are critical devices protected from power failures (e.g., UPS, dual power feeds, generator) and disruptions in supporting utilities, ensuring resilience and continuity?, Are UPS systems deployed and maintained to provide continuous power backup for critical infrastructure during outages or power disruptions? | E106: Yes | F106: Yes. CleverTap maintains appropriate business continuity and resilience controls to protect critical systems and infrastructure from power disruptions and supporting utility failures. Critical technology infrastructure is hosted within highly available environments that incorporate appropriate redundancy, backup power, and resilience mechanisms to support service availability.
A107: 106 | B107: Physical Control | C107: High | D107: Are UPS systems regularly tested, monitored, and maintained to ensure reliable power backup during outages? | E107: Yes | F107: Yes. CleverTap ensures that UPS systems and associated power backup mechanisms are regularly monitored, tested, and maintained to support reliable operation of critical infrastructure during power outages or utility disruptions.
A108: 107 | B108: Physical Control | C108: High | D108: Are anti-tailgating mechanisms implemented at all critical access points to prevent unauthorized entry? | E108: Yes | F108: Yes. CleverTap implements appropriate physical access control measures to reduce the risk of unauthorized entry through tailgating or piggybacking at controlled access points
A109: 108 | B109: Physical Control | C109: High | D109: Are emergency alarm systems and evacuation procedures integrated into the facility’s security infrastructure, and are they regularly tested and updated for effectiveness? | E109: Yes | F109: Yes. CleverTap maintains appropriate physical and environmental security controls to support employee safety, facility protection, and effective response during emergency situations. Emergency alarm systems and evacuation procedures are integrated into facility safety and security processes and are periodically reviewed, tested, and updated to ensure continued effectiveness.
A110: 109 | B110: Physical Control | C110: High | D110: Are fire and evacuation drills conducted at least once annually to ensure preparedness and compliance with safety protocols | E110: Yes | F110: Yes. CleverTap conducts periodic fire and evacuation drills, including at least annual drills where applicable, to validate emergency preparedness, ensure employee awareness, and verify the effectiveness of established safety and evacuation procedures.
A111: 110 | B111: Physical Control | C111: High | D111: Is a visitor management system in place to control access to the premises? | E111: Yes | F111: Yes. CleverTap maintains a formal visitor management process to control and monitor access to its premises and ensure that only authorized individuals are permitted entry into controlled areas. Visitor access is managed through defined procedures designed to protect employees, facilities, information assets, and infrastructure.
A112: 111 | B112: Physical Control | C112: High | D112: Does the system support identity verification, badge issuance, and log tracking of visitor entry and exit times? | E112: Yes | F112: Yes. CleverTap maintains a visitor management process that supports visitor identification, authorization, badge issuance, and tracking of visitor entry and exit activities. These controls are implemented to ensure accountability, restrict unauthorized physical access, and maintain visibility into third-party access to company premises.
A113: 112 | B113: Physical Control | C113: High | D113: Are incidents of unauthorized access or discrepancies from approved visit details investigated and documented appropriately? | E113: Yes | F113: Yes. CleverTap maintains a formal process for the identification, investigation, documentation, and resolution of unauthorized physical access incidents or discrepancies identified during visitor management activities. Any suspected deviation from approved access procedures is handled through established physical security and incident management processes.
... A137: 136 | B137: Agentic AI Security Controls | C137: High | D137: Do you prohibit unsafe eval, dynamic loading of untrusted code, and unsafe deserialization, and ensure any model‑generated code executes only in isolated, non‑root sandboxes with strict filesystem and outbound‑network restrictions? If yes, please provide secure execution or sandboxing documentation. | E137: Yes | F137: Yes. CleverTap follows secure software engineering and application security practices that prohibit the use of insecure coding patterns and implement appropriate execution controls to minimise the risk of code injection, remote code execution, and privilege escalation. These controls form part of CleverTap's Secure Software Development Lifecycle (SSDLC), Application Security, and Infrastructure Security frameworks.

Sheet GenAI_Controls
A1: Following Controls related to GenAI are applicable to the services where service/product offered to IndiGo includes GenAI.
A2: Control # | B2: Control Domain | C2: Control Question | D2: Vendor Response | E2: Vendor Comments | F2: Assessor Response | G2: Assessor Comments

Sheet Lists_hidden
A1: Pass
A2: Fail – Low Risk
A3: Fail – Medium Risk
A4: Fail – High Risk
A5: Not Applicable
